﻿Title,Created by,Created time,Date,Last edited by,Last edited time,Tags
,Shradha Patil,"September 7, 2023 10:49 PM","September 8, 2023",Shradha Patil,"September 7, 2023 10:50 PM",
,Shradha Patil,"September 7, 2023 10:49 PM","September 8, 2023 → September 12, 2023",Shradha Patil,"September 7, 2023 10:49 PM",
Example Brainstorm,Shradha Patil,"September 7, 2023 8:46 PM",,Shradha Patil,"September 7, 2023 8:46 PM",Product
Getting started with docs,Shradha Patil,"September 7, 2023 8:46 PM",,Shradha Patil,"September 7, 2023 8:46 PM",Guides
Example PRD,Shradha Patil,"September 7, 2023 8:46 PM",,Shradha Patil,"September 7, 2023 8:46 PM",Product
Example Tech Spec,Shradha Patil,"September 7, 2023 8:46 PM",,Shradha Patil,"September 7, 2023 8:46 PM",Engineering