﻿Task name,Status,Assignee,Due,Priority,Summary
Learn Markdown Basic Syntax,In progress,"Shradha Patil, Srushti Mudennavar, 2GI20CS184 , Vinit gunaki, NIDHI PATIL","September 22, 2023",Low,"Markdown is essential in learning how to document things on GitHub and also notion, the shortcuts on notion are actually markdown syntax, so please do learn at least the basic syntax for starters. You will know how powerful this skill actually is when you start using it to document things."
Creating Users,Done,,,,
Users and passwords,Done,,,,
password generation,Done,,,,
Task do,Not started,,,,
Install Apache server daemon,Done,,,,
SSH server installation,Not started,,,,
adduser,Not started,,,,
useradd,Not started,,,,
Literature Survey,Done,"Shradha Patil, Vinit gunaki, NIDHI PATIL, Srushti Mudennavar, 2GI20CS184 ","September 22, 2023 → September 22, 2023",High,"Research about how self-paced learning is more effective than a traditional classroom based environment.
Gamifying education"
Learning,In progress,"2GI20CS184 , NIDHI PATIL, Shradha Patil, Srushti Mudennavar, Vinit gunaki, Declan Rodrigues",,High,
Web Development Track,Not started,,,,
Game Development Track,Not started,,,,
Setup the environment,Done,"2GI20CS184 , NIDHI PATIL, Srushti Mudennavar, Vinit gunaki, Shradha Patil, Declan Rodrigues",,,
Setting up web server,Done,,,,
Installing the operating system,Not started,,,,
Design the game,In progress,"2GI20CS184 , NIDHI PATIL, Srushti Mudennavar, Shradha Patil, Vinit gunaki, Declan Rodrigues",,,
Create the game structure,In progress,"2GI20CS184 , NIDHI PATIL, Srushti Mudennavar, Shradha Patil, Vinit gunaki, Declan Rodrigues",,,
Users and groups,Not started,,,,
Implement Hardware challenges,In progress,"2GI20CS184 , NIDHI PATIL, Srushti Mudennavar, Shradha Patil, Vinit gunaki, Declan Rodrigues",,,
Level00,Not started,,,,
Level01,Not started,,,,
Level02,Not started,,,,
Polish the user interface,Not started,"2GI20CS184 , NIDHI PATIL, Srushti Mudennavar, Shradha Patil, Vinit gunaki, Declan Rodrigues",,,
Documentation and help,In progress,"2GI20CS184 , Shradha Patil, Srushti Mudennavar, Declan Rodrigues, Vinit gunaki, NIDHI PATIL",,Low,
Testing,Not started,"2GI20CS184 , NIDHI PATIL, Srushti Mudennavar, Shradha Patil, Vinit gunaki, Declan Rodrigues",,,
SSH,Done,,,,
Changing Passwords,Done,,,,
figlet config & Banner,Done,,,,
Raspberry pi imager tool,Done,,,,
SSH daemon configuration,Not started,,,,
Connect via SSH,Not started,,,,