﻿Task name,Status,Assignee,Due,Priority,Summary,Tags,Project,Dates,Owner,Parent-task,Sub-tasks
Learn Markdown Basic Syntax,In progress,"Shradha Patil, Srushti Mudennavar, 2GI20CS184 , Vinit gunaki, NIDHI PATIL","September 22, 2023",Low,"Markdown is essential in learning how to document things on GitHub and also notion, the shortcuts on notion are actually markdown syntax, so please do learn at least the basic syntax for starters. You will know how powerful this skill actually is when you start using it to document things.",,,,,Documentation and help (Tasks%2095f661dd506141d8a6c88646214e0ced/Documentation%20and%20help%20ca92cef4ddbd47628b78862c71d34f03.csv),
Creating Users,Done,,,,,,Hardware CTF (Projects%20830fc3382fb34285a2a17fc2afb323f7/Hardware%20CTF%208c3da23affc748f994cf065bdc2db69b.csv),,,Setup the environment (Tasks%2095f661dd506141d8a6c88646214e0ced/Setup%20the%20environment%2081a533ff93094ce59383a4cb6934b24d.csv),"adduser (Tasks%2095f661dd506141d8a6c88646214e0ced/adduser%2098b2e23950ea4b998a2a13f199aaf8c0.csv), useradd (Tasks%2095f661dd506141d8a6c88646214e0ced/useradd%20f87313b4faef47008700bc13d2f093b3.csv)"
Users and passwords,Done,,,,,,Hardware CTF (Projects%20830fc3382fb34285a2a17fc2afb323f7/Hardware%20CTF%208c3da23affc748f994cf065bdc2db69b.csv),,,Setup the environment (Tasks%2095f661dd506141d8a6c88646214e0ced/Setup%20the%20environment%2081a533ff93094ce59383a4cb6934b24d.csv),
password generation,Done,,,,,,Hardware CTF (Projects%20830fc3382fb34285a2a17fc2afb323f7/Hardware%20CTF%208c3da23affc748f994cf065bdc2db69b.csv),,,Setup the environment (Tasks%2095f661dd506141d8a6c88646214e0ced/Setup%20the%20environment%2081a533ff93094ce59383a4cb6934b24d.csv),
Task do,Not started,,,,,,Hardware CTF (Projects%20830fc3382fb34285a2a17fc2afb323f7/Hardware%20CTF%208c3da23affc748f994cf065bdc2db69b.csv),,,Level02 (Tasks%2095f661dd506141d8a6c88646214e0ced/Level02%207debdeef6a744714a5f40bd356465f4f.csv),
Install Apache server daemon,Done,,,,,,Hardware CTF (Projects%20830fc3382fb34285a2a17fc2afb323f7/Hardware%20CTF%208c3da23affc748f994cf065bdc2db69b.csv),,,Setup the environment (Tasks%2095f661dd506141d8a6c88646214e0ced/Setup%20the%20environment%2081a533ff93094ce59383a4cb6934b24d.csv),
SSH server installation,Not started,,,,,,Hardware CTF (Projects%20830fc3382fb34285a2a17fc2afb323f7/Hardware%20CTF%208c3da23affc748f994cf065bdc2db69b.csv),,,SSH (Tasks%2095f661dd506141d8a6c88646214e0ced/SSH%20e7bce3a2c71048408af53c5e1d56a9fe.csv),
adduser,Not started,,,,,,Hardware CTF (Projects%20830fc3382fb34285a2a17fc2afb323f7/Hardware%20CTF%208c3da23affc748f994cf065bdc2db69b.csv),,,Creating Users (Tasks%2095f661dd506141d8a6c88646214e0ced/Creating%20Users%20f32c431c3b3f446b8586265f7c2bfb16.csv),
useradd,Not started,,,,,,Hardware CTF (Projects%20830fc3382fb34285a2a17fc2afb323f7/Hardware%20CTF%208c3da23affc748f994cf065bdc2db69b.csv),,,Creating Users (Tasks%2095f661dd506141d8a6c88646214e0ced/Creating%20Users%20f32c431c3b3f446b8586265f7c2bfb16.csv),
Literature Survey,Done,"Shradha Patil, Vinit gunaki, NIDHI PATIL, Srushti Mudennavar, 2GI20CS184 ","September 22, 2023 → September 22, 2023",High,"Research about how self-paced learning is more effective than a traditional classroom based environment.
Gamifying education",,Hardware CTF (Projects%20830fc3382fb34285a2a17fc2afb323f7/Hardware%20CTF%208c3da23affc748f994cf065bdc2db69b.csv),"August 20, 2023 → August 22, 2023",,,
Learning,In progress,"2GI20CS184 , NIDHI PATIL, Shradha Patil, Srushti Mudennavar, Vinit gunaki, Declan Rodrigues",,High,,,Hardware CTF (Projects%20830fc3382fb34285a2a17fc2afb323f7/Hardware%20CTF%208c3da23affc748f994cf065bdc2db69b.csv),,"2GI20CS184 ",,"Web Development Track (Tasks%2095f661dd506141d8a6c88646214e0ced/Web%20Development%20Track%20817c44d46744429988bcf1f0086d04e9.csv), Game Development Track (Tasks%2095f661dd506141d8a6c88646214e0ced/Game%20Development%20Track%20de5df1f8c02043b297bf6337a51b0859.csv)"
Web Development Track,Not started,,,,,,Hardware CTF (Projects%20830fc3382fb34285a2a17fc2afb323f7/Hardware%20CTF%208c3da23affc748f994cf065bdc2db69b.csv),,,Learning (Tasks%2095f661dd506141d8a6c88646214e0ced/Learning%20eb405f9079c74e858153e15a5a67e28e.csv),
Game Development Track,Not started,,,,,,Hardware CTF (Projects%20830fc3382fb34285a2a17fc2afb323f7/Hardware%20CTF%208c3da23affc748f994cf065bdc2db69b.csv),,,Learning (Tasks%2095f661dd506141d8a6c88646214e0ced/Learning%20eb405f9079c74e858153e15a5a67e28e.csv),
Setup the environment,Done,"2GI20CS184 , NIDHI PATIL, Srushti Mudennavar, Vinit gunaki, Shradha Patil, Declan Rodrigues",,,,,Hardware CTF (Projects%20830fc3382fb34285a2a17fc2afb323f7/Hardware%20CTF%208c3da23affc748f994cf065bdc2db69b.csv),,,,"Installing the operating system (Tasks%2095f661dd506141d8a6c88646214e0ced/Installing%20the%20operating%20system%20fd4e7214eccf4f53b69cef5d9fa6df9b.csv), SSH (Tasks%2095f661dd506141d8a6c88646214e0ced/SSH%20e7bce3a2c71048408af53c5e1d56a9fe.csv), Install Apache server daemon (Tasks%2095f661dd506141d8a6c88646214e0ced/Install%20Apache%20server%20daemon%20cbf45239266a468786f85fe59762f90c.csv), figlet config & Banner (Tasks%2095f661dd506141d8a6c88646214e0ced/figlet%20config%20&%20Banner%20624c36637b16475b983ea199230ab115.csv), Creating Users (Tasks%2095f661dd506141d8a6c88646214e0ced/Creating%20Users%20f32c431c3b3f446b8586265f7c2bfb16.csv), Users and passwords (Tasks%2095f661dd506141d8a6c88646214e0ced/Users%20and%20passwords%20b787c43cd1e2450db1456b7392ec926b.csv), password generation (Tasks%2095f661dd506141d8a6c88646214e0ced/password%20generation%205a0ed666e5db40a2b76b6352f7f87fa1.csv), Changing Passwords (Tasks%2095f661dd506141d8a6c88646214e0ced/Changing%20Passwords%20359d713f03eb4ba3801e83e204f373b1.csv), Setting up web server (Tasks%2095f661dd506141d8a6c88646214e0ced/Setting%20up%20web%20server%20cf5df20caa2d471a9b63e41b160c2edb.csv)"
Setting up web server,Done,,,,,,Hardware CTF (Projects%20830fc3382fb34285a2a17fc2afb323f7/Hardware%20CTF%208c3da23affc748f994cf065bdc2db69b.csv),,,Setup the environment (Tasks%2095f661dd506141d8a6c88646214e0ced/Setup%20the%20environment%2081a533ff93094ce59383a4cb6934b24d.csv),
Installing the operating system,Not started,,,,,,Hardware CTF (Projects%20830fc3382fb34285a2a17fc2afb323f7/Hardware%20CTF%208c3da23affc748f994cf065bdc2db69b.csv),,,Setup the environment (Tasks%2095f661dd506141d8a6c88646214e0ced/Setup%20the%20environment%2081a533ff93094ce59383a4cb6934b24d.csv),Raspberry pi imager tool (Tasks%2095f661dd506141d8a6c88646214e0ced/Raspberry%20pi%20imager%20tool%20903b2c1c50ca409694d2b1422cf92607.csv)
Design the game,In progress,"2GI20CS184 , NIDHI PATIL, Srushti Mudennavar, Shradha Patil, Vinit gunaki, Declan Rodrigues",,,,,Hardware CTF (Projects%20830fc3382fb34285a2a17fc2afb323f7/Hardware%20CTF%208c3da23affc748f994cf065bdc2db69b.csv),,,,
Create the game structure,In progress,"2GI20CS184 , NIDHI PATIL, Srushti Mudennavar, Shradha Patil, Vinit gunaki, Declan Rodrigues",,,,,Hardware CTF (Projects%20830fc3382fb34285a2a17fc2afb323f7/Hardware%20CTF%208c3da23affc748f994cf065bdc2db69b.csv),,,,Users and groups (Tasks%2095f661dd506141d8a6c88646214e0ced/Users%20and%20groups%2015e2b21409f34123988eda58f4fa325a.csv)
Users and groups,Not started,,,,,,Hardware CTF (Projects%20830fc3382fb34285a2a17fc2afb323f7/Hardware%20CTF%208c3da23affc748f994cf065bdc2db69b.csv),,,Create the game structure (Tasks%2095f661dd506141d8a6c88646214e0ced/Create%20the%20game%20structure%20938d0296baf44351a3da0561dd7db552.csv),
Implement Hardware challenges,In progress,"2GI20CS184 , NIDHI PATIL, Srushti Mudennavar, Shradha Patil, Vinit gunaki, Declan Rodrigues",,,,,Hardware CTF (Projects%20830fc3382fb34285a2a17fc2afb323f7/Hardware%20CTF%208c3da23affc748f994cf065bdc2db69b.csv),,,,"Level00 (Tasks%2095f661dd506141d8a6c88646214e0ced/Level00%204abccb0fa8a8439c992dce50ee6c9033.csv), Level01 (Tasks%2095f661dd506141d8a6c88646214e0ced/Level01%206386c14644fb4610b227b65ca4f3ef1b.csv), Level02 (Tasks%2095f661dd506141d8a6c88646214e0ced/Level02%207debdeef6a744714a5f40bd356465f4f.csv)"
Level00,Not started,,,,,,Hardware CTF (Projects%20830fc3382fb34285a2a17fc2afb323f7/Hardware%20CTF%208c3da23affc748f994cf065bdc2db69b.csv),,,Implement Hardware challenges (Tasks%2095f661dd506141d8a6c88646214e0ced/Implement%20Hardware%20challenges%206fd5d037923d41738f198da034343cba.csv),
Level01,Not started,,,,,,Hardware CTF (Projects%20830fc3382fb34285a2a17fc2afb323f7/Hardware%20CTF%208c3da23affc748f994cf065bdc2db69b.csv),,,Implement Hardware challenges (Tasks%2095f661dd506141d8a6c88646214e0ced/Implement%20Hardware%20challenges%206fd5d037923d41738f198da034343cba.csv),
Level02,Not started,,,,,,Hardware CTF (Projects%20830fc3382fb34285a2a17fc2afb323f7/Hardware%20CTF%208c3da23affc748f994cf065bdc2db69b.csv),,,Implement Hardware challenges (Tasks%2095f661dd506141d8a6c88646214e0ced/Implement%20Hardware%20challenges%206fd5d037923d41738f198da034343cba.csv),Task do (Tasks%2095f661dd506141d8a6c88646214e0ced/Task%20do%207acbcff557af485c80380c9939e9521b.csv)
Polish the user interface,Not started,"2GI20CS184 , NIDHI PATIL, Srushti Mudennavar, Shradha Patil, Vinit gunaki, Declan Rodrigues",,,,,Hardware CTF (Projects%20830fc3382fb34285a2a17fc2afb323f7/Hardware%20CTF%208c3da23affc748f994cf065bdc2db69b.csv),,,,
Documentation and help,In progress,"2GI20CS184 , Shradha Patil, Srushti Mudennavar, Declan Rodrigues, Vinit gunaki, NIDHI PATIL",,Low,,,Hardware CTF (Projects%20830fc3382fb34285a2a17fc2afb323f7/Hardware%20CTF%208c3da23affc748f994cf065bdc2db69b.csv),"September 20, 2023",,,Learn Markdown Basic Syntax (Tasks%2095f661dd506141d8a6c88646214e0ced/Learn%20Markdown%20Basic%20Syntax%20c2b42ed496f7401f92ca639fdc74bfa2.csv)
Testing,Not started,"2GI20CS184 , NIDHI PATIL, Srushti Mudennavar, Shradha Patil, Vinit gunaki, Declan Rodrigues",,,,,Hardware CTF (Projects%20830fc3382fb34285a2a17fc2afb323f7/Hardware%20CTF%208c3da23affc748f994cf065bdc2db69b.csv),,,,
SSH,Done,,,,,,,,,Setup the environment (Tasks%2095f661dd506141d8a6c88646214e0ced/Setup%20the%20environment%2081a533ff93094ce59383a4cb6934b24d.csv),"SSH server installation (Tasks%2095f661dd506141d8a6c88646214e0ced/SSH%20server%20installation%204c0d23869e0b4ed680227c0e61168199.csv), SSH daemon configuration (Tasks%2095f661dd506141d8a6c88646214e0ced/SSH%20daemon%20configuration%2030dc09f900f3433685571667e5c7a608.csv), Connect via SSH (Tasks%2095f661dd506141d8a6c88646214e0ced/Connect%20via%20SSH%203ef61b8b1f694e978de009f24315053e.csv)"
Changing Passwords,Done,,,,,,,,,Setup the environment (Tasks%2095f661dd506141d8a6c88646214e0ced/Setup%20the%20environment%2081a533ff93094ce59383a4cb6934b24d.csv),
figlet config & Banner,Done,,,,,,,,,Setup the environment (Tasks%2095f661dd506141d8a6c88646214e0ced/Setup%20the%20environment%2081a533ff93094ce59383a4cb6934b24d.csv),
Raspberry pi imager tool,Done,,,,,,,,,Installing the operating system (Tasks%2095f661dd506141d8a6c88646214e0ced/Installing%20the%20operating%20system%20fd4e7214eccf4f53b69cef5d9fa6df9b.csv),
SSH daemon configuration,Not started,,,,,,,,,SSH (Tasks%2095f661dd506141d8a6c88646214e0ced/SSH%20e7bce3a2c71048408af53c5e1d56a9fe.csv),
Connect via SSH,Not started,,,,,,,,,SSH (Tasks%2095f661dd506141d8a6c88646214e0ced/SSH%20e7bce3a2c71048408af53c5e1d56a9fe.csv),