﻿Task name,Assignee,Dates,Due,Owner,Parent-task,Priority,Project,Status,Sub-tasks,Summary,Tags
Literature Survey,"Shradha Patil, Vinit gunaki, NIDHI PATIL, Srushti Mudennavar, 2GI20CS184 ","August 20, 2023 → August 22, 2023","September 22, 2023 → September 22, 2023",,,High,Hardware CTF (Hardware%20CTF%208c3da23affc748f994cf065bdc2db69b.md),Done,,"Research about how self-paced learning is more effective than a traditional classroom based environment.
Gamifying education",
Design the game,"2GI20CS184 , NIDHI PATIL, Srushti Mudennavar, Shradha Patil, Vinit gunaki, Declan Rodrigues",,,,,,Hardware CTF (Hardware%20CTF%208c3da23affc748f994cf065bdc2db69b.md),In progress,,,
Create the game structure,"2GI20CS184 , NIDHI PATIL, Srushti Mudennavar, Shradha Patil, Vinit gunaki, Declan Rodrigues",,,,,,Hardware CTF (Hardware%20CTF%208c3da23affc748f994cf065bdc2db69b.md),In progress,Users and groups (../Tasks%2095f661dd506141d8a6c88646214e0ced/Users%20and%20groups%2015e2b21409f34123988eda58f4fa325a.md),,
Implement Hardware challenges,"2GI20CS184 , NIDHI PATIL, Srushti Mudennavar, Shradha Patil, Vinit gunaki, Declan Rodrigues",,,,,,Hardware CTF (Hardware%20CTF%208c3da23affc748f994cf065bdc2db69b.md),In progress,"Level00 (../Tasks%2095f661dd506141d8a6c88646214e0ced/Level00%204abccb0fa8a8439c992dce50ee6c9033.md), Level01 (../Tasks%2095f661dd506141d8a6c88646214e0ced/Level01%206386c14644fb4610b227b65ca4f3ef1b.md), Level02 (../Tasks%2095f661dd506141d8a6c88646214e0ced/Level02%207debdeef6a744714a5f40bd356465f4f.md)",,
Testing,"2GI20CS184 , NIDHI PATIL, Srushti Mudennavar, Shradha Patil, Vinit gunaki, Declan Rodrigues",,,,,,Hardware CTF (Hardware%20CTF%208c3da23affc748f994cf065bdc2db69b.md),Not started,,,
Setup the environment,"2GI20CS184 , NIDHI PATIL, Srushti Mudennavar, Vinit gunaki, Shradha Patil, Declan Rodrigues",,,,,,Hardware CTF (Hardware%20CTF%208c3da23affc748f994cf065bdc2db69b.md),Done,"Installing the operating system (../Tasks%2095f661dd506141d8a6c88646214e0ced/Installing%20the%20operating%20system%20fd4e7214eccf4f53b69cef5d9fa6df9b.md), SSH (../Tasks%2095f661dd506141d8a6c88646214e0ced/SSH%20e7bce3a2c71048408af53c5e1d56a9fe.md), Install Apache server daemon (../Tasks%2095f661dd506141d8a6c88646214e0ced/Install%20Apache%20server%20daemon%20cbf45239266a468786f85fe59762f90c.md), figlet config & Banner (../Tasks%2095f661dd506141d8a6c88646214e0ced/figlet%20config%20&%20Banner%20624c36637b16475b983ea199230ab115.md), Creating Users (../Tasks%2095f661dd506141d8a6c88646214e0ced/Creating%20Users%20f32c431c3b3f446b8586265f7c2bfb16.md), Users and passwords (../Tasks%2095f661dd506141d8a6c88646214e0ced/Users%20and%20passwords%20b787c43cd1e2450db1456b7392ec926b.md), password generation (../Tasks%2095f661dd506141d8a6c88646214e0ced/password%20generation%205a0ed666e5db40a2b76b6352f7f87fa1.md), Changing Passwords (../Tasks%2095f661dd506141d8a6c88646214e0ced/Changing%20Passwords%20359d713f03eb4ba3801e83e204f373b1.md), Setting up web server (../Tasks%2095f661dd506141d8a6c88646214e0ced/Setting%20up%20web%20server%20cf5df20caa2d471a9b63e41b160c2edb.md)",,
Documentation and help,"2GI20CS184 , Shradha Patil, Srushti Mudennavar, Declan Rodrigues, Vinit gunaki, NIDHI PATIL","September 20, 2023",,,,Low,Hardware CTF (Hardware%20CTF%208c3da23affc748f994cf065bdc2db69b.md),In progress,Learn Markdown Basic Syntax (../Tasks%2095f661dd506141d8a6c88646214e0ced/Learn%20Markdown%20Basic%20Syntax%20c2b42ed496f7401f92ca639fdc74bfa2.md),,
Polish the user interface,"2GI20CS184 , NIDHI PATIL, Srushti Mudennavar, Shradha Patil, Vinit gunaki, Declan Rodrigues",,,,,,Hardware CTF (Hardware%20CTF%208c3da23affc748f994cf065bdc2db69b.md),Not started,,,
Creating Users,,,,,Setup the environment (../Tasks%2095f661dd506141d8a6c88646214e0ced/Setup%20the%20environment%2081a533ff93094ce59383a4cb6934b24d.md),,Hardware CTF (Hardware%20CTF%208c3da23affc748f994cf065bdc2db69b.md),Done,"adduser (../Tasks%2095f661dd506141d8a6c88646214e0ced/adduser%2098b2e23950ea4b998a2a13f199aaf8c0.md), useradd (../Tasks%2095f661dd506141d8a6c88646214e0ced/useradd%20f87313b4faef47008700bc13d2f093b3.md)",,
Users and passwords,,,,,Setup the environment (../Tasks%2095f661dd506141d8a6c88646214e0ced/Setup%20the%20environment%2081a533ff93094ce59383a4cb6934b24d.md),,Hardware CTF (Hardware%20CTF%208c3da23affc748f994cf065bdc2db69b.md),Done,,,
password generation,,,,,Setup the environment (../Tasks%2095f661dd506141d8a6c88646214e0ced/Setup%20the%20environment%2081a533ff93094ce59383a4cb6934b24d.md),,Hardware CTF (Hardware%20CTF%208c3da23affc748f994cf065bdc2db69b.md),Done,,,
Users and groups,,,,,Create the game structure (../Tasks%2095f661dd506141d8a6c88646214e0ced/Create%20the%20game%20structure%20938d0296baf44351a3da0561dd7db552.md),,Hardware CTF (Hardware%20CTF%208c3da23affc748f994cf065bdc2db69b.md),Not started,,,
Setting up web server,,,,,Setup the environment (../Tasks%2095f661dd506141d8a6c88646214e0ced/Setup%20the%20environment%2081a533ff93094ce59383a4cb6934b24d.md),,Hardware CTF (Hardware%20CTF%208c3da23affc748f994cf065bdc2db69b.md),Done,,,
Install Apache server daemon,,,,,Setup the environment (../Tasks%2095f661dd506141d8a6c88646214e0ced/Setup%20the%20environment%2081a533ff93094ce59383a4cb6934b24d.md),,Hardware CTF (Hardware%20CTF%208c3da23affc748f994cf065bdc2db69b.md),Done,,,
Level00,,,,,Implement Hardware challenges (../Tasks%2095f661dd506141d8a6c88646214e0ced/Implement%20Hardware%20challenges%206fd5d037923d41738f198da034343cba.md),,Hardware CTF (Hardware%20CTF%208c3da23affc748f994cf065bdc2db69b.md),Not started,,,
Level01,,,,,Implement Hardware challenges (../Tasks%2095f661dd506141d8a6c88646214e0ced/Implement%20Hardware%20challenges%206fd5d037923d41738f198da034343cba.md),,Hardware CTF (Hardware%20CTF%208c3da23affc748f994cf065bdc2db69b.md),Not started,,,
Level02,,,,,Implement Hardware challenges (../Tasks%2095f661dd506141d8a6c88646214e0ced/Implement%20Hardware%20challenges%206fd5d037923d41738f198da034343cba.md),,Hardware CTF (Hardware%20CTF%208c3da23affc748f994cf065bdc2db69b.md),Not started,Task do (../Tasks%2095f661dd506141d8a6c88646214e0ced/Task%20do%207acbcff557af485c80380c9939e9521b.md),,
Installing the operating system,,,,,Setup the environment (../Tasks%2095f661dd506141d8a6c88646214e0ced/Setup%20the%20environment%2081a533ff93094ce59383a4cb6934b24d.md),,Hardware CTF (Hardware%20CTF%208c3da23affc748f994cf065bdc2db69b.md),Not started,Raspberry pi imager tool (../Tasks%2095f661dd506141d8a6c88646214e0ced/Raspberry%20pi%20imager%20tool%20903b2c1c50ca409694d2b1422cf92607.md),,
Task do,,,,,Level02 (../Tasks%2095f661dd506141d8a6c88646214e0ced/Level02%207debdeef6a744714a5f40bd356465f4f.md),,Hardware CTF (Hardware%20CTF%208c3da23affc748f994cf065bdc2db69b.md),Not started,,,
SSH server installation,,,,,SSH (../Tasks%2095f661dd506141d8a6c88646214e0ced/SSH%20e7bce3a2c71048408af53c5e1d56a9fe.md),,Hardware CTF (Hardware%20CTF%208c3da23affc748f994cf065bdc2db69b.md),Not started,,,
Learning,"2GI20CS184 , NIDHI PATIL, Shradha Patil, Srushti Mudennavar, Vinit gunaki, Declan Rodrigues",,,"2GI20CS184 ",,High,Hardware CTF (Hardware%20CTF%208c3da23affc748f994cf065bdc2db69b.md),In progress,"Web Development Track (../Tasks%2095f661dd506141d8a6c88646214e0ced/Web%20Development%20Track%20817c44d46744429988bcf1f0086d04e9.md), Game Development Track (../Tasks%2095f661dd506141d8a6c88646214e0ced/Game%20Development%20Track%20de5df1f8c02043b297bf6337a51b0859.md)",,
adduser,,,,,Creating Users (../Tasks%2095f661dd506141d8a6c88646214e0ced/Creating%20Users%20f32c431c3b3f446b8586265f7c2bfb16.md),,Hardware CTF (Hardware%20CTF%208c3da23affc748f994cf065bdc2db69b.md),Not started,,,
useradd,,,,,Creating Users (../Tasks%2095f661dd506141d8a6c88646214e0ced/Creating%20Users%20f32c431c3b3f446b8586265f7c2bfb16.md),,Hardware CTF (Hardware%20CTF%208c3da23affc748f994cf065bdc2db69b.md),Not started,,,
Web Development Track,,,,,Learning (../Tasks%2095f661dd506141d8a6c88646214e0ced/Learning%20eb405f9079c74e858153e15a5a67e28e.md),,Hardware CTF (Hardware%20CTF%208c3da23affc748f994cf065bdc2db69b.md),Not started,,,
Game Development Track,,,,,Learning (../Tasks%2095f661dd506141d8a6c88646214e0ced/Learning%20eb405f9079c74e858153e15a5a67e28e.md),,Hardware CTF (Hardware%20CTF%208c3da23affc748f994cf065bdc2db69b.md),Not started,,,